me@aaronbrazell.com aaron@technosailor.com
andreas@kollegger.name akollegger@tembopublic.org
orders@fetchfood.com averyboyce@gmail.com avery@fetchfood.com
ben@helio.gr benjamin.slavin@gmail.com
aw02boco@uwc.net ussjoin@yahoo.com
bryan@osesm.com bryanliles@gmail.com
chris@figure53.com info@figure53.com
danbrenner3@gmail.com dan@sunrisedesign.com
danieljschiavone@gmail.com daniel@snakehill.net daniel@highlandtown.com
david@dbnc.com david.beaudouin@gmail.com
greg@blogdigger.com greggersh@yahoo.com
accounting@entinex.com agilecmmi@gmail.com
mjovel1@aol.com mjovel@gmail.com
mike@subelsky.com paypal@mikeshop.net
mike@sunrisedesign.com cchb@comcast.net mibrenner@gmail.com
myke@karmcity.com myke@localist.com
billing@browsermedia.com mail@paulbarry.com pauljbarry3@gmail.com
scott@3rdarm.com scottrwhite10@gmail.com
sean@dendro.com packetrat@mac.com gallagher.sean.m@gmail.com
flip.sasser@gmail.com flip@x451.com
dave@roundhousetech.com dave@popvox.com
craftworkmedia@gmail.com pmartucci@gmail.com
ddrager@iphemera.com dwdrager@comcast.net
nick@ekenosen.net nick-orders@ekenosen.net
mail@zgordon.org hello@wideskydesigns.com payments@wideskydesigns.com
sfisher@appsolve.com stevenjohnfisher@gmail.com
awgrover@msen.com awgrover@gmail.com
jared@setconsulting.com billing@setconsulting.com
jimc@arcdesignstudio.com jimc@twohanks.com
danmayer@gmail.com dan@devver.net
jgarcia@tdg-i.com liquid_ice_@hotmail.com
jtkamenik@capitol-college.edu jkamenik@gmail.com
hulbertsj@gmail.com hulbert@stsci.edu
marina@justharvestusa.org msaenz1030@gmail.com
garth@storefrontconsulting.com paypal@storefrontconsulting.com
 